region number,sequence,position on genome,Energy,Internal,Dimer,Internal_Cairns,Energy_Cairns,time60,SEM60
1,GTTGTTCCAGGCTAGCTACAACGAACAAACTAT,DT44,-17.5,-2.7,-8.25,-2.8,-20.4,10.34129416824,10.34129416824
1,CTATACTCAGGCTAGCTACAACGATAATTTTAG,DT53,-13.7,0,-7.66,1.6,-15.9,15.3306466963816,15.3306466963816
1,ACTCACTAAGGCTAGCTACAACGATTTAGAATA,DT54,-14,0,-7.43,1.6,-16.2,0,0
1,CATACAGCAGGCTAGCTACAACGAATGGATTCC,DT63,-19.6,-0.7,-6.91,-0.4,-22.5,0,0
1,GCATATGGAGGCTAGCTACAACGATCCCATCTC,DT65,-23,-1.1,-6.72,0.2,-25.2,20.5966779565053,7.35637941513713
1,GGATTCCCAGGCTAGCTACAACGACTCTATATA,DT66,-20.7,-0.2,-7.84,1.4,-22.7,44.9888710262654,2.57606272439153
1,CCATCTCTAGGCTAGCTACAACGAATACTATGC,DT67,-18.8,0,-7.35,1.8,-21.7,41.0732298171962,4.16417791990775
1,AAAGTCATAGGCTAGCTACAACGAACCTCACGT,DT74,-18.5,-0.9,-6.8,-0.8,-20.8,31.2495656363993,9.07442380805199
1,TATACCTCAGGCTAGCTACAACGAGTCGCAGTA,DT76,-21.6,-0.7,-6.2,1.4,-23.7,57.7104002307885,2.29954943869521
1,TCGCAGTAAGGCTAGCTACAACGATGTTGCTTG,DT77,-19.1,-3.4,-4.56,0.1,-22.4,32.9995887825356,6.90737653018926
1,CTTGCAGTAGGCTAGCTACAACGAACACATTCT,DT78,-20.2,-1.9,-5.94,1.1,-22,30.4708729837819,15.2356283797784
1,GTTTCTCTAGGCTAGCTACAACGAGTGTTCTTG,DT99,-20.1,-0.2,-7.71,0.4,-22,77.1426795814506,3.24506366013889
1,ATACATCGAGGCTAGCTACAACGACGGTCCACC,DT107,-23.3,-0.4,-7.77,1.4,-25.3,32.5659343599232,5.68314001629899
1,ACCGGTCCAGGCTAGCTACAACGACGACCCCTT,DT108,-29.5,-0.2,-7.78,0.7,-31.5,55.3081417634941,4.58119531689272
1,GTCCACCGAGGCTAGCTACAACGACCCTTATAT,DT109,-24.7,0,-7.02,0.9,-26.7,74.3434784286604,2.64142500982673
1,TTCAGGACAGGCTAGCTACAACGAAGTGGCTTT,HPV5,-20.7,-1.9,-4.96,NA,NA,6.90510476614049,6.90510476614049
1,AGACATACAGGCTAGCTACAACGACGACCGGTC,HPV7,-21.7,-0.6,-8.76,NA,NA,0,0
1,CAAGACATAGGCTAGCTACAACGAATCGACCGG,HPV12,-18.7,0,-7.33,NA,NA,28.9603783697108,11.845888119401
1,TCTTCAGGAGGCTAGCTACAACGAACAGTGGCT,HPV15,-21.8,-1.9,-4.69,NA,NA,45.5139873067962,3.58266659188242
1,TACAGCATAGGCTAGCTACAACGAGGATTCCCA,HPV17,-22,-1.5,-6.3,NA,NA,0,0
1,TATCACATAGGCTAGCTACAACGAAGCATATGG,HPV20,-16.3,-3.5,-3.8,NA,NA,0,0
1,TTTATCACAGGCTAGCTACAACGAACAGCATAT,HPV21,-16.5,-0.6,-6.29,NA,NA,13.8788556359632,13.8788556359632
1,ATGTCTATAGGCTAGCTACAACGATCACTAATT,HPV22,-15.4,0,-6.75,NA,NA,21.6439661052453,10.8577454565939
1,TAATGTCTAGGCTAGCTACAACGAACTCACTAA,HPV23,-15,-0.1,-7.91,NA,NA,9.07161435565531,9.07161435565531
1,CTGTGGTAAGGCTAGCTACAACGATTTCTGGGT,HPV24,-20.8,0,-7.13,NA,NA,62.1949983035198,3.10324399529549
1,TTGTCCAGAGGCTAGCTACAACGAGTCTTTGCT,HPV25,-22.6,-0.3,-6.52,NA,NA,28.8230017510542,8.62607476207298
1,TTTGTTGTAGGCTAGCTACAACGATGCTGTTCT,HPV26,-19.9,-5.8,-5.66,NA,NA,0,0
1,TGTTCTTGAGGCTAGCTACAACGAGATCTGCAA,HPV27,-19.2,0,-7.14,NA,NA,0,0
1,CAGTAGAGAGGCTAGCTACAACGACAGTTGTCT,HPV28,-19.7,-3.4,-6.96,NA,NA,22.8182411713281,4.9269864376747
1,ATATTGTAAGGCTAGCTACAACGAGGGCTCTGT,HPV29,-19.8,-1.2,-8.41,NA,NA,22.138836229811,0.107176771957163
1,GAGAACAGAGGCTAGCTACAACGAGGGGCACAC,HPV30,-21.4,0,-6.6,NA,NA,0,0
1,CTGTTCTAAGGCTAGCTACAACGAGTTGTTCCA,HPV31,-20.4,-0.8,-7.12,NA,NA,44.7984500880945,3.00567381037827
1,GAGCTGTCAGGCTAGCTACAACGATTAATTGCT,HPV33,-19.7,-1.6,-4.79,NA,NA,0,0
1,GACCATCTAGGCTAGCTACAACGATTCATCCTC,HPV34,-21.6,-0.3,-7.06,NA,NA,41.7544032108706,0.771730242142773
1,TACGCACAAGGCTAGCTACAACGACGAAGCGTA,HPV35,-20,-1.6,-7.43,NA,NA,0,0
1,GAATGTCTAGGCTAGCTACAACGAGTGTGTGCT,HPV36,-20.6,-1.6,-6.11,NA,NA,45.7519556485388,3.86110440250645
1,TGCTTTGTAGGCTAGCTACAACGAGCACAACCG,HPV37,-21.7,-6.2,-4.21,NA,NA,0,0
1,GCCCATTAAGGCTAGCTACAACGAAGGTCTTCC,HPV38,-23.3,-1.5,-5.17,NA,NA,0,0
