position,nucleotide,color,shape,size,alpha,comment
1,T,gray,circle,15,1.0,background
2,C,gray,circle,15,1.0,background
3,A,gray,circle,15,1.0,background
4,A,gray,circle,15,1.0,background
5,G,gray,circle,15,1.0,background
6,G,gray,circle,15,1.0,background
7,G,gray,circle,15,1.0,background
8,T,gray,circle,15,1.0,background
9,A,gray,circle,15,1.0,background
10,C,gray,circle,15,1.0,background
11,A,gray,circle,15,1.0,background
12,C,gray,circle,15,1.0,background
13,A,gray,circle,15,1.0,background
14,C,gray,circle,15,1.0,background
15,C,gray,circle,15,1.0,background
16,A,gray,circle,15,1.0,background
17,C,gray,circle,15,1.0,background
18,T,gray,circle,15,1.0,background
19,G,gray,circle,15,1.0,background
20,G,gray,circle,15,1.0,background
21,T,gray,circle,15,1.0,background
22,T,gray,circle,15,1.0,background
23,G,gray,circle,15,1.0,background
24,T,gray,circle,15,1.0,background
25,T,gray,circle,15,1.0,background
26,A,gray,circle,15,1.0,background
27,C,gray,circle,15,1.0,background
28,T,gray,circle,15,1.0,background
29,C,gray,circle,15,1.0,background
30,A,gray,circle,15,1.0,background
31,C,gray,circle,15,1.0,background
32,A,gray,circle,15,1.0,background
33,A,gray,circle,15,1.0,background
34,T,gray,circle,15,1.0,background
35,T,gray,circle,15,1.0,background
36,T,gray,circle,15,1.0,background
37,T,gray,circle,15,1.0,background
38,G,gray,circle,15,1.0,background
39,A,gray,circle,15,1.0,background
40,C,gray,circle,15,1.0,background
41,T,gray,circle,15,1.0,background
42,T,gray,circle,15,1.0,background
43,C,gray,circle,15,1.0,background
44,A,gray,circle,15,1.0,background
45,C,gray,circle,15,1.0,background
46,T,gray,circle,15,1.0,background
47,T,gray,circle,15,1.0,background
48,T,gray,circle,15,1.0,background
49,T,gray,circle,15,1.0,background
50,A,gray,circle,15,1.0,background
51,G,gray,circle,15,1.0,background
52,T,gray,circle,15,1.0,background
53,T,gray,circle,15,1.0,background
54,T,gray,circle,15,1.0,background
55,T,gray,circle,15,1.0,background
56,A,gray,circle,15,1.0,background
57,G,gray,circle,15,1.0,background
58,T,gray,circle,15,1.0,background
59,C,gray,circle,15,1.0,background
60,C,gray,circle,15,1.0,background
61,A,gray,circle,15,1.0,background
62,G,gray,circle,15,1.0,background
63,A,gray,circle,15,1.0,background
64,G,gray,circle,15,1.0,background
65,T,gray,circle,15,1.0,background
66,A,gray,circle,15,1.0,background
67,C,gray,circle,15,1.0,background
68,T,gray,circle,15,1.0,background
69,C,gray,circle,15,1.0,background
70,A,gray,circle,15,1.0,background
71,A,gray,circle,15,1.0,background
72,T,gray,circle,15,1.0,background
73,G,gray,circle,15,1.0,background
74,G,gray,circle,15,1.0,background
75,T,gray,circle,15,1.0,background
76,C,gray,circle,15,1.0,background
77,T,gray,circle,15,1.0,background
78,T,gray,circle,15,1.0,background
79,T,gray,circle,15,1.0,background
80,G,gray,circle,15,1.0,background
81,T,gray,circle,15,1.0,background
82,T,gray,circle,15,1.0,background
83,C,gray,circle,15,1.0,background
84,T,gray,circle,15,1.0,background
85,T,gray,circle,15,1.0,background
86,T,gray,circle,15,1.0,background
87,T,gray,circle,15,1.0,background
88,T,gray,circle,15,1.0,background
89,T,gray,circle,15,1.0,background
90,T,gray,circle,15,1.0,background
91,T,gray,circle,15,1.0,background
92,G,gray,circle,15,1.0,background
93,T,gray,circle,15,1.0,background
94,A,gray,circle,15,1.0,background
95,T,gray,circle,15,1.0,background
96,G,gray,circle,15,1.0,background
97,A,gray,circle,15,1.0,background
98,A,gray,circle,15,1.0,background
99,A,gray,circle,15,1.0,background
100,A,gray,circle,15,1.0,background
101,T,gray,circle,15,1.0,background
102,G,gray,circle,15,1.0,background
103,C,gray,circle,15,1.0,background
104,C,gray,circle,15,1.0,background
105,T,gray,circle,15,1.0,background
106,T,gray,circle,15,1.0,background
107,T,gray,circle,15,1.0,background
108,T,gray,circle,15,1.0,background
109,T,gray,circle,15,1.0,background
110,A,gray,circle,15,1.0,background
111,C,gray,circle,15,1.0,background
112,C,gray,circle,15,1.0,background
113,T,gray,circle,15,1.0,background
114,T,gray,circle,15,1.0,background
115,T,gray,circle,15,1.0,background
116,T,gray,circle,15,1.0,background
117,G,gray,circle,15,1.0,background
118,C,gray,circle,15,1.0,background
119,T,gray,circle,15,1.0,background
120,A,gray,circle,15,1.0,background
121,T,gray,circle,15,1.0,background
122,G,gray,circle,15,1.0,background
123,G,gray,circle,15,1.0,background
124,G,gray,circle,15,1.0,background
125,T,gray,circle,15,1.0,background
126,A,gray,circle,15,1.0,background
127,T,gray,circle,15,1.0,background
128,T,gray,circle,15,1.0,background
129,A,gray,circle,15,1.0,background
130,T,gray,circle,15,1.0,background
131,T,gray,circle,15,1.0,background
132,G,gray,circle,15,1.0,background
133,C,gray,circle,15,1.0,background
134,T,gray,circle,15,1.0,background
135,A,gray,circle,15,1.0,background
136,T,gray,circle,15,1.0,background
137,G,gray,circle,15,1.0,background
138,T,gray,circle,15,1.0,background
139,C,gray,circle,15,1.0,background
140,T,gray,circle,15,1.0,background
141,G,gray,circle,15,1.0,background
142,C,gray,circle,15,1.0,background
143,T,gray,circle,15,1.0,background
144,T,gray,circle,15,1.0,background
145,T,gray,circle,15,1.0,background
146,T,gray,circle,15,1.0,background
147,G,gray,circle,15,1.0,background
148,C,gray,circle,15,1.0,background
149,A,gray,circle,15,1.0,background
150,A,gray,circle,15,1.0,background
151,T,gray,circle,15,1.0,background
152,G,gray,circle,15,1.0,background
153,A,gray,circle,15,1.0,background
154,T,gray,circle,15,1.0,background
155,G,gray,circle,15,1.0,background
156,T,gray,circle,15,1.0,background
157,T,gray,circle,15,1.0,background
158,T,gray,circle,15,1.0,background
159,G,gray,circle,15,1.0,background
160,T,gray,circle,15,1.0,background
161,C,gray,circle,15,1.0,background
162,A,gray,circle,15,1.0,background
163,A,gray,circle,15,1.0,background
164,A,gray,circle,15,1.0,background
165,C,gray,circle,15,1.0,background
166,A,gray,circle,15,1.0,background
167,T,gray,circle,15,1.0,background
168,A,gray,circle,15,1.0,background
169,A,gray,circle,15,1.0,background
170,G,gray,circle,15,1.0,background
171,C,gray,circle,15,1.0,background
172,A,gray,circle,15,1.0,background
173,T,gray,circle,15,1.0,background
174,G,gray,circle,15,1.0,background
175,C,gray,circle,15,1.0,background
176,A,gray,circle,15,1.0,background
177,T,gray,circle,15,1.0,background
178,T,gray,circle,15,1.0,background
179,T,gray,circle,15,1.0,background
180,C,gray,circle,15,1.0,background
181,T,gray,circle,15,1.0,background
182,C,gray,circle,15,1.0,background
183,T,gray,circle,15,1.0,background
184,G,gray,circle,15,1.0,background
185,T,gray,circle,15,1.0,background
186,T,gray,circle,15,1.0,background
187,T,gray,circle,15,1.0,background
188,G,gray,circle,15,1.0,background
189,T,gray,circle,15,1.0,background
190,T,gray,circle,15,1.0,background
191,T,gray,circle,15,1.0,background
192,T,gray,circle,15,1.0,background
193,T,gray,circle,15,1.0,background
194,G,gray,circle,15,1.0,background
195,T,gray,circle,15,1.0,background
196,T,gray,circle,15,1.0,background
197,A,gray,circle,15,1.0,background
198,C,gray,circle,15,1.0,background
199,C,gray,circle,15,1.0,background
200,T,gray,circle,15,1.0,background
201,T,gray,circle,15,1.0,background
202,C,gray,circle,15,1.0,background
203,T,gray,circle,15,1.0,background
204,C,gray,circle,15,1.0,background
205,T,gray,circle,15,1.0,background
206,T,gray,circle,15,1.0,background
207,G,gray,circle,15,1.0,background
208,C,gray,circle,15,1.0,background
209,C,gray,circle,15,1.0,background
210,A,gray,circle,15,1.0,background
